{
  "crop": { "topPct": 0, "bottomPct": 0, "leftPct": 0, "rightPct": 0 },
  "isolate": {
    "minSaturation": 45,
    "minBrightness": 15,
    "maxBrightness": 99,
    "hueBands": { "yellowGold": true, "green": true, "blue": true, "redPurple": true }
  },
  "corners": [
    [164.4873046875, -32.54681317351514],
    [181.7578125, -32.36140331527542],
    [182.5048828125, -48.719961222646276],
    [164.267578125, -48.60385760823253]
  ],
  "opacity": 0.9
}
