{
  "crop": { "topPct": 0, "bottomPct": 0, "leftPct": 0, "rightPct": 0 },
  "isolate": {
    "minSaturation": 45,
    "minBrightness": 15,
    "maxBrightness": 100,
    "hueBands": { "yellowGold": true, "green": true, "blue": true, "redPurple": true }
  },
  "corners": [
    [164.443359375, -32.49123028794758],
    [181.82373046875, -32.37996146435729],
    [182.13134765625, -48.54570549184744],
    [164.2236328125, -48.60385760823253]
  ],
  "opacity": 0.9
}
